{
  "performance_metrics": {
    "total_spins": 900,
    "total_bets": 301,
    "wins": 25,
    "losses": 276,
    "total_wagered": 609.0,
    "total_won": 450.0,
    "total_lost": 555.5,
    "max_drawdown": 21.36060894386299,
    "peak_bankroll": 1051.0,
    "win_rate": 0.08305647840531562,
    "net_profit": -159.0,
    "roi_percent": -26.108374384236456,
    "final_bankroll": 841.0,
    "total_return": -15.9,
    "avg_bet_size": 2.0232558139534884,
    "profit_per_bet": -0.5282392026578073
  },
  "strategy_analysis": {
    "LUCAS_BSB": {
      "bets": 301,
      "wins": 25,
      "total_stake": 609.0,
      "total_profit": -159.0,
      "motivos": {
        "Gatilho BSB 34 -> [6, 27]": 27,
        "Gatilho BSB 0 -> [1, 5, 8, 9, ": 48,
        "Gatilho BSB 36 -> [2, 25]": 30,
        "Gatilho BSB 2 -> [22, 28, 31, ": 42,
        "Gatilho BSB 4 -> [7, 10, 19, 2": 55,
        "Gatilho BSB 3 -> [3, 7, 12, 19": 19,
        "Gatilho BSB 1 -> [0, 27, 21, 2": 23,
        "Gatilho BSB 5 -> [0, 27, 21, 2": 22,
        "Gatilho BSB 32 -> [12, 35, 3, ": 35
      },
      "win_rate": 0.08305647840531562,
      "roi": -26.108374384236456,
      "avg_profit_per_bet": -0.5282392026578073,
      "avg_bet_size": 2.0232558139534884
    }
  },
  "risk_metrics": {
    "volatility": 4.961985043376195,
    "sharpe_ratio": -0.10645723395780067,
    "profit_factor": 0.7137713771377138,
    "expectancy": -0.5282392026578073,
    "avg_win": 15.86,
    "avg_loss": -2.01268115942029,
    "largest_win": 17.0,
    "largest_loss": -2.5
  },
  "streaks": {
    "win_streaks": [
      1,
      2,
      1,
      1,
      1,
      2,
      1,
      1,
      1,
      1,
      1,
      1,
      1,
      1,
      1,
      1,
      1,
      1,
      1,
      1,
      1,
      1,
      1
    ],
    "loss_streaks": [
      7,
      6,
      4,
      6,
      7,
      7,
      13,
      24,
      7,
      3,
      25,
      12,
      22,
      3,
      8,
      24,
      27,
      3,
      20,
      25,
      5,
      5,
      3,
      10
    ],
    "current_streak": 0,
    "current_type": null,
    "longest_win_streak": 2,
    "longest_loss_streak": 27,
    "avg_win_streak": 1.0869565217391304,
    "avg_loss_streak": 11.5
  },
  "bankroll_progression": {
    "spins": [
      0,
      101,
      102,
      103,
      104,
      106,
      107,
      108,
      112,
      120,
      121,
      122,
      132,
      133,
      134,
      135,
      139,
      140,
      143,
      144,
      147,
      148,
      149,
      156,
      158,
      160,
      161,
      164,
      166,
      167,
      169,
      170,
      173,
      175,
      180,
      182,
      183,
      186,
      187,
      189,
      190,
      191,
      196,
      201,
      203,
      210,
      214,
      215,
      217,
      218,
      221,
      223,
      225,
      228,
      234,
      236,
      241,
      242,
      243,
      246,
      247,
      248,
      254,
      256,
      260,
      268,
      270,
      271,
      273,
      279,
      281,
      285,
      286,
      290,
      291,
      295,
      297,
      301,
      304,
      305,
      307,
      311,
      318,
      327,
      333,
      334,
      336,
      337,
      339,
      340,
      341,
      344,
      353,
      358,
      359,
      363,
      365,
      368,
      371,
      373,
      378,
      380,
      387,
      389,
      392,
      399,
      400,
      401,
      403,
      404,
      408,
      412,
      413,
      414,
      415,
      417,
      418,
      419,
      425,
      426,
      427,
      438,
      439,
      445,
      448,
      451,
      452,
      459,
      464,
      482,
      484,
      485,
      494,
      495,
      508,
      509,
      511,
      514,
      519,
      520,
      521,
      528,
      534,
      535,
      539,
      540,
      541,
      547,
      549,
      556,
      557,
      558,
      577,
      582,
      588,
      589,
      590,
      591,
      593,
      594,
      595,
      597,
      598,
      599,
      609,
      611,
      612,
      614,
      615,
      616,
      618,
      619,
      621,
      622,
      630,
      631,
      633,
      634,
      635,
      643,
      645,
      646,
      652,
      655,
      664,
      667,
      670,
      672,
      673,
      679,
      681,
      682,
      683,
      684,
      692,
      693,
      694,
      696,
      702,
      704,
      708,
      709,
      710,
      724,
      726,
      735,
      736,
      740,
      741,
      744,
      747,
      758,
      759,
      760,
      767,
      768,
      769,
      771,
      772,
      773,
      776,
      777,
      778,
      779,
      780,
      786,
      788,
      792,
      793,
      797,
      799,
      800,
      802,
      807,
      808,
      809,
      810,
      813,
      815,
      817,
      820,
      824,
      825,
      826,
      827,
      829,
      832,
      833,
      834,
      835,
      836,
      843,
      846,
      852,
      853,
      854,
      855,
      860,
      863,
      865,
      866,
      870,
      871,
      877,
      880,
      883,
      884,
      885,
      886,
      887,
      888,
      889,
      894,
      899,
      900,
      902,
      903,
      904,
      905,
      906,
      907,
      909,
      917,
      919,
      920,
      921,
      926,
      929,
      933,
      941,
      944,
      945,
      946,
      956,
      957,
      962,
      963,
      970,
      974,
      984,
      985,
      987
    ],